Workbook

Sheet Stock
A1: SKU | B1: Producto | C1: Modelo | D1: Color | E1: Talle | F1: Stock Inicial | G1: Ingresos | H1: Pedidos | I1: Stock Actual | J1: Estado
A2: REM-CR-BCO-S | B2: Remera | C2: Cuello Redondo | D2: Blanco | E2: S | F2: 80 | G2: 50 | H2: =SUMIF(Pedidos!C:C,A2,Pedidos!E:E) -> 0 | I2: =F2+G2-H2 -> 130 | J2: =IF(I2>0,"OK","COMPRAR") -> OK
A3: REM-CR-BCO-M | B3: Remera | C3: Cuello Redondo | D3: Blanco | E3: M | F3: 100 | G3: 100 | H3: =SUMIF(Pedidos!C:C,A3,Pedidos!E:E) -> 180 | I3: =F3+G3-H3 -> 20 | J3: =IF(I3>0,"OK","COMPRAR") -> OK
A4: REM-CR-BCO-L | B4: Remera | C4: Cuello Redondo | D4: Blanco | E4: L | F4: 80 | G4: 80 | H4: =SUMIF(Pedidos!C:C,A4,Pedidos!E:E) -> 80 | I4: =F4+G4-H4 -> 80 | J4: =IF(I4>0,"OK","COMPRAR") -> OK
A5: REM-CR-BCO-XL | B5: Remera | C5: Cuello Redondo | D5: Blanco | E5: XL | F5: 50 | G5: 30 | H5: =SUMIF(Pedidos!C:C,A5,Pedidos!E:E) -> 0 | I5: =F5+G5-H5 -> 80 | J5: =IF(I5>0,"OK","COMPRAR") -> OK
A6: REM-CR-NEG-M | B6: Remera | C6: Cuello Redondo | D6: Negro | E6: M | F6: 60 | G6: 40 | H6: =SUMIF(Pedidos!C:C,A6,Pedidos!E:E) -> 0 | I6: =F6+G6-H6 -> 100 | J6: =IF(I6>0,"OK","COMPRAR") -> OK
A7: REM-CR-NEG-L | B7: Remera | C7: Cuello Redondo | D7: Negro | E7: L | F7: 40 | G7: 20 | H7: =SUMIF(Pedidos!C:C,A7,Pedidos!E:E) -> 0 | I7: =F7+G7-H7 -> 60 | J7: =IF(I7>0,"OK","COMPRAR") -> OK
A8: REM-DF-NEG-M | B8: Remera | C8: Dry-Fit | D8: Negro | E8: M | F8: 30 | G8: 0 | H8: =SUMIF(Pedidos!C:C,A8,Pedidos!E:E) -> 45 | I8: =F8+G8-H8 -> -15 | J8: =IF(I8>0,"OK","COMPRAR") -> COMPRAR
A9: REM-DF-NEG-L | B9: Remera | C9: Dry-Fit | D9: Negro | E9: L | F9: 25 | G9: 0 | H9: =SUMIF(Pedidos!C:C,A9,Pedidos!E:E) -> 35 | I9: =F9+G9-H9 -> -10 | J9: =IF(I9>0,"OK","COMPRAR") -> COMPRAR
A10: REM-DF-AZU-M | B10: Remera | C10: Dry-Fit | D10: Azul | E10: M | F10: 20 | G10: 30 | H10: =SUMIF(Pedidos!C:C,A10,Pedidos!E:E) -> 25 | I10: =F10+G10-H10 -> 25 | J10: =IF(I10>0,"OK","COMPRAR") -> OK
A11: REM-DF-AZU-L | B11: Remera | C11: Dry-Fit | D11: Azul | E11: L | F11: 15 | G11: 20 | H11: =SUMIF(Pedidos!C:C,A11,Pedidos!E:E) -> 0 | I11: =F11+G11-H11 -> 35 | J11: =IF(I11>0,"OK","COMPRAR") -> OK
A12: REM-DF-ROJ-M | B12: Remera | C12: Dry-Fit | D12: Rojo | E12: M | F12: 10 | G12: 0 | H12: =SUMIF(Pedidos!C:C,A12,Pedidos!E:E) -> 0 | I12: =F12+G12-H12 -> 10 | J12: =IF(I12>0,"OK","COMPRAR") -> OK
A13: BUZ-CN-GRI-M | B13: Buzo | C13: Canguro | D13: Gris | E13: M | F13: 40 | G13: 30 | H13: =SUMIF(Pedidos!C:C,A13,Pedidos!E:E) -> 0 | I13: =F13+G13-H13 -> 70 | J13: =IF(I13>0,"OK","COMPRAR") -> OK
... A38: LLA-ACR-REC | B38: Llavero | C38: Acrílico Rectangular | D38: Transparente | E38: Único | F38: 250 | G38: 150 | H38: =SUMIF(Pedidos!C:C,A38,Pedidos!E:E) -> 200 | I38: =F38+G38-H38 -> 200 | J38: =IF(I38>0,"OK","COMPRAR") -> OK

Sheet Pedidos
A1: Fecha | B1: Cliente | C1: SKU | D1: Producto | E1: Cantidad
A2: 2026-04-15 | B2: Coca-Cola - Evento Verano | C2: REM-CR-BCO-M | D2: Remera Cuello Redondo Blanco M | E2: 120
A3: 2026-04-15 | B3: Coca-Cola - Evento Verano | C3: REM-CR-BCO-L | D3: Remera Cuello Redondo Blanco L | E3: 80
A4: 2026-04-15 | B4: Coca-Cola - Evento Verano | C4: GOR-RES-ROJ | D4: Gorra Con Respiración Rojo Único | E4: 40
A5: 2026-04-18 | B5: Banco Nación - Capacitación | C5: REM-CR-BCO-M | D5: Remera Cuello Redondo Blanco M | E5: 60
A6: 2026-04-18 | B6: Banco Nación - Capacitación | C6: CHO-PIQ-BCO-L | D6: Chomba Piqué Blanco L | E6: 40
A7: 2026-04-20 | B7: Universidad UADE | C7: BUZ-CN-GRI-L | D7: Buzo Canguro Gris L | E7: 70
A8: 2026-04-20 | B8: Universidad UADE | C8: BUZ-CN-GRI-XL | D8: Buzo Canguro Gris XL | E8: 30
A9: 2026-04-22 | B9: Empresa TechCorp | C9: TAZ-CER-BCA | D9: Taza Cerámica Blanco Único | E9: 200
A10: 2026-04-22 | B10: Empresa TechCorp | C10: LLA-ACR-RED | D10: Llavero Acrílico Redondo Transparente Único | E10: 300
A11: 2026-04-25 | B11: Casamiento Pérez-García | C11: TAZ-CER-BCA | D11: Taza Cerámica Blanco Único | E11: 80
A12: 2026-04-28 | B12: Movistar - Día del Padre | C12: REM-DF-NEG-M | D12: Remera Dry-Fit Negro M | E12: 45
A13: 2026-04-28 | B13: Movistar - Día del Padre | C13: REM-DF-NEG-L | D13: Remera Dry-Fit Negro L | E13: 35
... A22: 2026-05-14 | B22: Globant - Welcome Kit | C22: BUZ-CR-GRI-M | D22: Buzo Cuello Redondo Gris M | E22: 30
